<?xml version="1.0"?>
<ALBUM>
<CD>
<Title>
Come Away With Me
</Title>
<Genre>
Vocal
</Genre>
<Artist>
Norah Jones
</Artist>
<Tracks>
Don't Know Why
Seven Years	
Cold, Cold Heart	
Feelin' the Same Way	
Come Away With Me	
Shoot the Moon	
Turn Me On	
Lonestar	
I've Got to See You Again	
Painter Song	
One Flight Down	
Nightingale	
The Long Day Is Over	
The Nearness of You
</Tracks>
</CD>
<CD>
<Title>
Hell Freezes Over
</Title>
<Artist>
The Eagles
</Artist>
<Genre>
Rock
</Genre>
<Tracks>
Get Over It
Love Will Keep Us Alive
The Girl from Yesterday
Learn to Be Still
Tequila Sunrise
Hotel California
Wasted Time
Pretty Maids All in a Row
I Can't Tell You Why
New York Minute
The Last Resort
Take It Easy
In the City
Life in the Fast Lane
Desperado
</Tracks>
</CD>
<DVD>
<Title>
Cats
</Title>
<Genre>
Musical
</Genre>
<Director>
David Mallet
</Director>
<PlotOutline>
"Jellicle" cats join for a Jellicle ball where they rejoice with their leader, Old Deuteronomy. One cat will be chosen to go to the "Heavyside Layer" and be reborn. The cats introduce themselves.
</PlotOutline>
</DVD>
<CD>
<Title>
Shepherd Moons
</Title>
<Genre>
New Age
</Genre>
<Artist>
Enya
</Artist>
<Tracks>
Shepherd Moons
Caribbean Blue
How Can I Keep from Singing?
Ebudae
Angeles
No Holly for Miss Quinn
Book of Days
Evacuee
Lothloien
Marble Halls
After Ventus
Smaointe
</Tracks>
</CD>
<DVD>
<Title>
The Lord of the Rings: The Return of the King
</Title>
<Genre>
Adventure
</Genre>
<Director>
Peter Jackson
</Director>
<PlotOutline>
The former Fellowship of the Ring prepare for the final battle for Middle Earth, while Frodo and Sam approach Mount Doom to destroy the One Ring.
</PlotOutline>
</DVD>
<DVD>
<Title>
Gladiator
</Title>
<Genre>
Drama
</Genre>
<Director>
Ridley Scott
</Director>
<PlotOutline>
When a Roman general is betrayed and his family murdered by a corrupt prince, he comes to Rome as a gladiator to seek revenge.
</PlotOutline>
</DVD>
</ALBUM>